{
  "random": {
    "mean": 24.14,
    "std": 14.356197268079038,
    "rewards": [
      14.0,
      11.0,
      25.0,
      41.0,
      12.0,
      31.0,
      23.0,
      22.0,
      11.0,
      29.0,
      20.0,
      15.0,
      15.0,
      18.0,
      16.0,
      48.0,
      19.0,
      22.0,
      57.0,
      16.0,
      25.0,
      35.0,
      21.0,
      20.0,
      15.0,
      10.0,
      14.0,
      14.0,
      18.0,
      15.0,
      26.0,
      37.0,
      35.0,
      66.0,
      14.0,
      26.0,
      54.0,
      13.0,
      10.0,
      10.0,
      15.0,
      13.0,
      16.0,
      42.0,
      34.0,
      14.0,
      13.0,
      54.0,
      27.0,
      37.0,
      27.0,
      18.0,
      14.0,
      15.0,
      54.0,
      30.0,
      14.0,
      13.0,
      61.0,
      16.0,
      21.0,
      23.0,
      16.0,
      39.0,
      21.0,
      37.0,
      10.0,
      13.0,
      48.0,
      14.0,
      14.0,
      49.0,
      76.0,
      51.0,
      16.0,
      16.0,
      15.0,
      15.0,
      34.0,
      16.0,
      16.0,
      52.0,
      12.0,
      37.0,
      15.0,
      17.0,
      11.0,
      23.0,
      22.0,
      21.0,
      14.0,
      10.0,
      13.0,
      28.0,
      27.0,
      29.0,
      16.0,
      13.0,
      10.0,
      14.0
    ]
  },
  "dqn": {
    "mean": 195.724,
    "std": 136.95508688617593,
    "rewards": [
      300.0,
      276.0,
      40.0,
      271.0,
      260.0,
      261.0,
      272.0,
      263.0,
      274.0,
      252.0,
      255.0,
      270.0,
      272.0,
      267.0,
      258.0,
      275.0,
      272.0,
      265.0,
      277.0,
      274.0,
      281.0,
      258.0,
      293.0,
      265.0,
      275.0,
      275.0,
      258.0,
      303.0,
      277.0,
      278.0,
      278.0,
      263.0,
      275.0,
      259.0,
      281.0,
      261.0,
      280.0,
      258.0,
      272.0,
      278.0,
      265.0,
      270.0,
      258.0,
      282.0,
      422.0,
      273.0,
      270.0,
      266.0,
      261.0,
      267.0,
      261.0,
      266.0,
      270.0,
      290.0,
      281.0,
      261.0,
      255.0,
      252.0,
      272.0,
      276.0,
      272.0,
      256.0,
      267.0,
      276.0,
      272.0,
      295.0,
      271.0,
      266.0,
      262.0,
      263.0,
      255.0,
      253.0,
      271.0,
      269.0,
      270.0,
      273.0,
      250.0,
      275.0,
      263.0,
      270.0,
      399.0,
      271.0,
      271.0,
      283.0,
      260.0,
      276.0,
      272.0,
      271.0,
      267.0,
      271.0,
      266.0,
      253.0,
      277.0,
      259.0,
      273.0,
      274.0,
      267.0,
      261.0,
      271.0,
      269.0,
      500.0,
      500.0,
      500.0,
      500.0,
      500.0,
      500.0,
      500.0,
      213.0,
      62.0,
      216.0,
      55.0,
      500.0,
      500.0,
      210.0,
      256.0,
      500.0,
      225.0,
      500.0,
      55.0,
      500.0,
      500.0,
      500.0,
      500.0,
      500.0,
      291.0,
      500.0,
      500.0,
      500.0,
      500.0,
      16.0,
      60.0,
      295.0,
      358.0,
      500.0,
      500.0,
      500.0,
      500.0,
      312.0,
      500.0,
      245.0,
      440.0,
      15.0,
      500.0,
      500.0,
      500.0,
      59.0,
      500.0,
      500.0,
      56.0,
      60.0,
      500.0,
      500.0,
      500.0,
      433.0,
      500.0,
      311.0,
      15.0,
      280.0,
      500.0,
      500.0,
      500.0,
      500.0,
      500.0,
      12.0,
      500.0,
      500.0,
      56.0,
      61.0,
      500.0,
      59.0,
      500.0,
      500.0,
      201.0,
      61.0,
      476.0,
      500.0,
      500.0,
      434.0,
      500.0,
      500.0,
      500.0,
      500.0,
      159.0,
      62.0,
      500.0,
      500.0,
      58.0,
      500.0,
      500.0,
      500.0,
      59.0,
      13.0,
      59.0,
      495.0,
      361.0,
      58.0,
      500.0,
      10.0,
      500.0,
      500.0,
      10.0,
      68.0,
      66.0,
      69.0,
      96.0,
      63.0,
      69.0,
      70.0,
      68.0,
      71.0,
      71.0,
      13.0,
      61.0,
      56.0,
      63.0,
      13.0,
      76.0,
      72.0,
      69.0,
      69.0,
      74.0,
      71.0,
      59.0,
      77.0,
      15.0,
      76.0,
      90.0,
      64.0,
      74.0,
      12.0,
      97.0,
      65.0,
      72.0,
      49.0,
      70.0,
      71.0,
      68.0,
      75.0,
      61.0,
      70.0,
      63.0,
      74.0,
      72.0,
      65.0,
      71.0,
      69.0,
      70.0,
      69.0,
      65.0,
      65.0,
      61.0,
      70.0,
      74.0,
      71.0,
      66.0,
      63.0,
      70.0,
      70.0,
      98.0,
      65.0,
      65.0,
      70.0,
      71.0,
      76.0,
      16.0,
      72.0,
      66.0,
      66.0,
      72.0,
      65.0,
      76.0,
      70.0,
      61.0,
      72.0,
      68.0,
      74.0,
      70.0,
      58.0,
      74.0,
      58.0,
      68.0,
      69.0,
      63.0,
      71.0,
      69.0,
      68.0,
      69.0,
      67.0,
      70.0,
      64.0,
      74.0,
      65.0,
      69.0,
      72.0,
      65.0,
      65.0,
      69.0,
      63.0,
      68.0,
      65.0,
      125.0,
      132.0,
      129.0,
      126.0,
      122.0,
      121.0,
      135.0,
      138.0,
      126.0,
      126.0,
      128.0,
      125.0,
      126.0,
      127.0,
      135.0,
      127.0,
      126.0,
      128.0,
      134.0,
      131.0,
      132.0,
      125.0,
      131.0,
      128.0,
      130.0,
      132.0,
      125.0,
      129.0,
      134.0,
      125.0,
      125.0,
      124.0,
      116.0,
      121.0,
      129.0,
      129.0,
      130.0,
      127.0,
      123.0,
      127.0,
      130.0,
      126.0,
      128.0,
      146.0,
      128.0,
      124.0,
      126.0,
      123.0,
      149.0,
      129.0,
      123.0,
      131.0,
      131.0,
      124.0,
      127.0,
      127.0,
      127.0,
      129.0,
      119.0,
      127.0,
      124.0,
      135.0,
      129.0,
      125.0,
      125.0,
      122.0,
      126.0,
      123.0,
      124.0,
      154.0,
      125.0,
      130.0,
      124.0,
      119.0,
      126.0,
      121.0,
      144.0,
      132.0,
      126.0,
      120.0,
      124.0,
      119.0,
      126.0,
      136.0,
      123.0,
      121.0,
      124.0,
      125.0,
      121.0,
      135.0,
      139.0,
      122.0,
      126.0,
      124.0,
      127.0,
      133.0,
      122.0,
      136.0,
      132.0,
      127.0,
      161.0,
      157.0,
      156.0,
      160.0,
      156.0,
      156.0,
      160.0,
      156.0,
      156.0,
      16.0,
      162.0,
      156.0,
      150.0,
      157.0,
      152.0,
      153.0,
      153.0,
      159.0,
      155.0,
      145.0,
      155.0,
      148.0,
      155.0,
      150.0,
      160.0,
      154.0,
      152.0,
      157.0,
      156.0,
      158.0,
      154.0,
      160.0,
      158.0,
      154.0,
      158.0,
      152.0,
      159.0,
      155.0,
      156.0,
      156.0,
      154.0,
      157.0,
      152.0,
      158.0,
      156.0,
      155.0,
      159.0,
      151.0,
      153.0,
      157.0,
      152.0,
      155.0,
      165.0,
      157.0,
      153.0,
      153.0,
      153.0,
      158.0,
      158.0,
      154.0,
      151.0,
      148.0,
      154.0,
      157.0,
      160.0,
      159.0,
      156.0,
      161.0,
      149.0,
      152.0,
      154.0,
      152.0,
      162.0,
      148.0,
      161.0,
      151.0,
      149.0,
      158.0,
      157.0,
      148.0,
      162.0,
      158.0,
      153.0,
      155.0,
      152.0,
      19.0,
      157.0,
      156.0,
      153.0,
      158.0,
      156.0,
      156.0,
      157.0,
      157.0,
      156.0,
      158.0,
      152.0,
      161.0,
      154.0,
      154.0
    ]
  },
  "ddqn": {
    "mean": 295.694,
    "std": 187.69037365832057,